Dec  1 12:59:55 localhost kernel: [  285.601749] ,address,0x140736277807120,140736282001424,140736286195728,140736290390032,140736294584336,140736298778640,140736302972944,140736307167248,140736311361552,140736315555856,140736319750160,140736323944464,140736328138768,140736332333072,140736336527376,140736340721680,140736344915984,140736349110288,140736353304592,140736357498896,140736361693200,140736365887504,140736370081808,140736374276112,140736378470416,140736382664720,140736386859024,140736391053328,140736395247632,140736399441936,140736403636240,140736407830544,140736412024848,140736416219152,140736420413456,140736424607760,140736428802064,140736432996368,140736437190672,140736441384976,140736445579280,140736449773584,140736453967888,140736458162192,140736462356496,140736466550800,140736470745104,140736474939408,140736479133712,140736483328016,140736487522320,140736491716624,140736495910928,140736500105232,140736504299536,140736508493840,140736512688144,140736516882448,140736521076752,140736525271056,140736529465360,140736533659664,140736537853968,140736542048272,140736546242576,140736550436880,140736554631184,140736558825488,140736563019792,140736567214096,140736571408400,140736575602704,140736579797008,140736583991312,140736588185616,140736592379920,140736596574224,140736600768528,140736604962832,140736609157136,140736613351440,140736617545744,140736621740048,140736625934352,140736630128656,140736634322960,140736638517264,140736642711568,140736646905872,140736651100176,140736655294480,140736659488784,140736663683088,140736667877392,140736672071696,140736676266000,140736680460304,140736684654608,140736688848912,140736693043216,140736697237520,140736701431824,140736705626128,140736709820432,140736714014736,140736718209040,140736722403344,140736726597648,140736730791952,140736734986256,140736739180560,140736743374864,140736747569168,140736751763472,140736755957776,140736760152080,140736764346384,140736768540688,140736772734992,140736776929296,140736781123600,140736785317904,140736789512208,140736793706512,140736797900816,140736802095120,140736806289424,140736810483728,140736814678032,140736818872336,140736823066640,140736827260944,140736831455248,140736835649552,140736839843856,140736844038160,140736848232464,140736852426768,140736856621072,140736860815376,140736865009680,140736869203984,140736873398288,140736877592592,140736881786896,140736885981200,140736890175504,140736894369808,140736898564112,140736902758416,140736906952720,140736911147024,140736915341328,140736919535632,140736923729936,140736927924240,140736932118544,140736936312848,140736940507152,140736944701456,140736948895760,140736953090064,140736957284368,140736961478672,140736965672976,140736969867280,140736974061584,140736978255888,140736982450192,140736986644496,140736990838800,140736995033104,140736999227408,140737003421712,140737007616016,140737011810320,140737016004624,140737020198928,140737024393232,140737028587536,140737032781840,140737036976144,140737041170448,140737045364752,140737049559056,140737053753360,140737057947664,140737062141968,140737066336272,140737070530576,140737074724880,140737078919184,140737083113488,140737087307792,140737091502096,140737095696400,140737099890704,140737104085008,140737108279312,140737112473616,140737116667920,140737120862224,140737125056528,140737129250832,140737133445136,140737137639440,140737141833744,140737146028048,140737150222352,140737154416656,140737158610960,140737162805264,140737166999568,140737171193872,140737175388176,140737179582480,140737183776784,140737187971088,140737192165392,140737196359696,140737200554000,140737204748304,140737208942608,140737213136912,140737217331216,140737221525520,140737225719824,140737229914128,140737234108432,140737238302736,140737242497040,140737246691344,140737250885648,140737255079952,140737259274256,140737263468560,140737267662864,140737271857168,140737276051472,140737280245776,140737284440080,140737288634384,140737292828688,140737297022992,140737301217296,140737305411600,140737309605904,140737313800208,140737317994512,140737322188816,140737326383120,140737330577424,140737334771728,140737338966032,140737343160336,140737347354640,
Dec  1 12:59:56 localhost kernel: [  286.509461] ,1,9,9,9,9,9,9,9,9,9,9,9,9,9,9,9,9,9,9,9,9,9,9,9,9,9,9,9,9,9,9,9,9,9,9,9,9,9,9,9,9,9,9,9,9,9,9,9,9,9,9,9,9,9,9,8,8,8,8,8,8,8,8,8,8,53,54,53,47,44,40,37,34,31,29,26,24,23,23,20,19,19,19,17,15,15,14,13,12,11,11,10,8,9,8,6,5,5,3,4,2,0,0,0,0,0,0,0,0,0,0,0,0,0,0,0,0,0,0,0,0,0,0,0,0,0,0,0,0,0,0,0,0,0,0,0,0,0,0,0,0,0,0,0,0,0,0,0,0,0,0,0,0,0,0,0,0,0,0,0,0,0,0,0,0,0,0,0,0,0,0,0,0,0,0,0,0,0,0,0,0,0,0,0,0,0,0,0,0,0,0,0,0,0,0,0,0,0,0,0,0,0,0,0,0,0,0,0,0,0,0,0,0,0,0,0,0,0,0,0,0,0,0,0,0,0,0,0,0,0,0,0,0,0,0,0,0,0,0,0,0,0,0,0,0,0,0,0,0,0,0,0,0,0,0,0,0,
Dec  1 12:59:57 localhost kernel: [  287.522517] ,2,9,9,9,9,9,9,9,9,9,9,9,9,9,9,9,8,8,8,8,8,8,8,8,8,8,8,8,8,8,8,8,8,8,8,8,8,8,8,8,8,8,8,8,8,8,8,8,8,8,8,8,8,8,8,8,9,9,9,9,9,9,9,9,9,31,31,32,33,34,35,34,32,31,30,28,25,25,26,27,29,31,31,29,28,29,28,27,28,27,26,27,27,26,25,25,26,27,27,26,26,27,28,26,23,22,23,22,23,22,23,21,19,17,17,16,17,18,15,12,11,10,9,9,9,9,10,12,9,0,0,0,0,0,0,0,0,0,0,0,0,0,0,0,0,0,0,0,0,0,0,0,0,0,0,0,0,0,0,0,0,0,0,0,0,0,0,0,0,0,0,0,0,0,0,0,0,0,0,0,0,0,0,0,0,0,0,0,0,0,0,0,0,0,0,0,0,0,0,0,0,0,0,0,0,0,0,0,0,0,0,0,0,0,0,0,0,0,0,0,0,0,0,0,0,0,0,0,0,0,0,0,0,0,0,0,0,0,0,0,0,0,0,0,0,0,0,0,0,0,0,0,0,0,0,0,0,
Dec  1 12:59:58 localhost kernel: [  288.521469] ,3,3,3,3,3,3,3,3,3,3,3,3,3,3,3,3,3,4,4,4,4,4,4,4,4,4,4,4,4,4,4,4,4,4,4,4,4,4,4,4,4,4,4,4,4,4,4,4,4,4,4,4,4,4,4,4,4,4,4,3,3,3,3,3,3,30,30,30,30,30,29,28,27,27,26,27,27,24,23,24,23,21,23,24,24,23,23,24,26,24,23,23,23,25,25,24,21,21,21,21,20,22,22,23,24,23,24,24,23,23,21,20,20,18,18,18,19,19,21,20,18,18,20,20,20,20,21,20,22,0,0,0,0,0,0,0,0,0,0,0,0,0,0,0,0,0,0,0,0,0,0,0,0,0,0,0,0,0,0,0,0,0,0,0,0,0,0,0,0,0,0,0,0,0,0,0,0,0,0,0,0,0,0,0,0,0,0,0,0,0,0,0,0,0,0,0,0,0,0,0,0,0,0,0,0,0,0,0,0,0,0,0,0,0,0,0,0,0,0,0,0,0,0,0,0,0,0,0,0,0,0,0,0,0,0,0,0,0,0,0,0,0,0,0,0,0,0,0,0,0,0,0,0,0,0,0,0,
Dec  1 12:59:59 localhost kernel: [  289.525529] ,4,4,4,4,4,4,4,4,4,4,4,4,4,4,4,4,4,4,4,4,4,4,4,4,4,4,4,4,4,4,4,4,4,4,4,4,4,4,3,3,3,3,3,3,3,3,3,3,3,3,3,3,3,3,3,3,3,3,3,3,4,4,4,4,4,30,30,30,30,29,28,28,26,23,22,22,22,21,20,21,23,23,25,24,24,25,22,20,20,21,23,23,23,24,24,24,24,25,23,22,21,20,21,22,22,21,22,23,22,22,23,21,23,22,23,22,22,21,20,19,20,21,22,22,22,22,20,19,19,0,0,0,0,0,0,0,0,0,0,0,0,0,0,0,0,0,0,0,0,0,0,0,0,0,0,0,0,0,0,0,0,0,0,0,0,0,0,0,0,0,0,0,0,0,0,0,0,0,0,0,0,0,0,0,0,0,0,0,0,0,0,0,0,0,0,0,0,0,0,0,0,0,0,0,0,0,0,0,0,0,0,0,0,0,0,0,0,0,0,0,0,0,0,0,0,0,0,0,0,0,0,0,0,0,0,0,0,0,0,0,0,0,0,0,0,0,0,0,0,0,0,0,0,0,0,0,0,
Dec  1 13:00:00 localhost kernel: [  290.508586] ,5,3,3,3,3,3,3,3,3,3,3,3,3,3,3,3,3,3,3,3,3,3,3,3,3,3,3,3,3,3,3,3,3,3,3,3,2,2,2,3,3,3,3,3,3,3,3,3,3,3,3,3,3,3,3,3,3,3,3,3,3,3,3,3,3,30,30,30,30,29,29,28,27,27,25,23,23,24,25,25,26,26,26,26,25,25,26,25,25,25,24,23,22,23,24,26,26,27,25,24,23,24,22,22,23,24,24,23,23,23,25,26,25,24,23,22,22,22,23,22,22,22,21,20,20,20,20,21,20,0,0,0,0,0,0,0,0,0,0,0,0,0,0,0,0,0,0,0,0,0,0,0,0,0,0,0,0,0,0,0,0,0,0,0,0,0,0,0,0,0,0,0,0,0,0,0,0,0,0,0,0,0,0,0,0,0,0,0,0,0,0,0,0,0,0,0,0,0,0,0,0,0,0,0,0,0,0,0,0,0,0,0,0,0,0,0,0,0,0,0,0,0,0,0,0,0,0,0,0,0,0,0,0,0,0,0,0,0,0,0,0,0,0,0,0,0,0,0,0,0,0,0,0,0,0,0,0,
Dec  1 13:00:01 localhost kernel: [  291.528618] ,6,3,2,2,2,2,2,2,2,2,2,2,2,2,2,2,2,2,2,2,2,2,2,2,2,2,2,2,2,2,2,2,2,2,2,2,2,3,3,3,3,3,3,3,3,3,3,3,3,3,3,3,3,3,3,3,3,3,3,3,3,3,3,3,3,31,31,31,31,31,30,30,29,27,25,24,23,24,23,23,23,24,23,24,24,22,22,23,23,23,22,22,25,25,26,25,24,23,24,24,23,22,22,23,24,22,23,23,23,22,23,24,24,24,22,22,21,22,21,21,21,20,19,18,17,17,18,18,18,0,0,0,0,0,0,0,0,0,0,0,0,0,0,0,0,0,0,0,0,0,0,0,0,0,0,0,0,0,0,0,0,0,0,0,0,0,0,0,0,0,0,0,0,0,0,0,0,0,0,0,0,0,0,0,0,0,0,0,0,0,0,0,0,0,0,0,0,0,0,0,0,0,0,0,0,0,0,0,0,0,0,0,0,0,0,0,0,0,0,0,0,0,0,0,0,0,0,0,0,0,0,0,0,0,0,0,0,0,0,0,0,0,0,0,0,0,0,0,0,0,0,0,0,0,0,0,0,
Dec  1 13:00:02 localhost kernel: [  292.515710] ,7,0,0,1,1,1,1,1,1,1,1,1,1,1,1,1,1,1,1,1,1,1,1,1,1,1,1,1,1,1,1,1,1,1,1,1,1,1,1,1,1,1,1,1,1,1,1,1,1,1,1,1,1,1,1,1,1,1,1,1,0,0,0,0,0,41,40,38,39,38,37,34,33,32,31,29,29,29,28,27,25,25,24,22,20,17,17,18,15,13,14,14,12,14,15,15,14,15,15,15,15,16,15,15,15,14,15,16,15,15,15,16,16,16,16,15,14,13,14,15,14,15,14,14,14,16,17,17,17,0,0,0,0,0,0,0,0,0,0,0,0,0,0,0,0,0,0,0,0,0,0,0,0,0,0,0,0,0,0,0,0,0,0,0,0,0,0,0,0,0,0,0,0,0,0,0,0,0,0,0,0,0,0,0,0,0,0,0,0,0,0,0,0,0,0,0,0,0,0,0,0,0,0,0,0,0,0,0,0,0,0,0,0,0,0,0,0,0,0,0,0,0,0,0,0,0,0,0,0,0,0,0,0,0,0,0,0,0,0,0,0,0,0,0,0,0,0,0,0,0,0,0,0,0,0,0,0,
Dec  1 13:00:03 localhost kernel: [  293.515477] ,8,3,3,3,3,3,3,3,3,3,3,3,3,3,3,3,3,3,3,3,3,3,3,3,3,3,3,3,3,3,3,3,3,3,3,3,3,3,3,3,3,3,3,3,3,3,3,3,3,3,3,3,3,3,3,3,3,3,3,3,3,4,4,4,4,33,32,32,32,32,32,31,30,28,26,25,25,24,25,25,26,26,25,25,25,25,27,26,26,25,24,23,21,20,22,22,22,22,21,21,21,19,16,14,14,14,15,16,16,18,19,18,17,17,18,18,17,17,17,15,13,13,13,14,14,16,16,15,15,0,0,0,0,0,0,0,0,0,0,0,0,0,0,0,0,0,0,0,0,0,0,0,0,0,0,0,0,0,0,0,0,0,0,0,0,0,0,0,0,0,0,0,0,0,0,0,0,0,0,0,0,0,0,0,0,0,0,0,0,0,0,0,0,0,0,0,0,0,0,0,0,0,0,0,0,0,0,0,0,0,0,0,0,0,0,0,0,0,0,0,0,0,0,0,0,0,0,0,0,0,0,0,0,0,0,0,0,0,0,0,0,0,0,0,0,0,0,0,0,0,0,0,0,0,0,0,0,
Dec  1 13:00:04 localhost kernel: [  294.529682] ,9,4,4,4,4,4,4,4,4,4,4,4,4,4,4,4,4,4,4,4,4,4,4,4,4,4,4,4,4,3,3,3,3,3,3,3,3,3,3,3,3,3,3,3,3,3,3,3,3,3,3,3,3,3,3,3,3,3,3,3,3,3,3,3,3,31,30,30,30,30,30,30,29,29,27,25,25,24,24,23,23,24,25,26,25,24,22,22,21,21,22,23,21,21,21,21,21,20,19,20,21,22,22,21,20,20,20,21,22,23,23,22,22,20,20,20,20,18,18,17,17,17,17,17,18,17,17,17,18,0,0,0,0,0,0,0,0,0,0,0,0,0,0,0,0,0,0,0,0,0,0,0,0,0,0,0,0,0,0,0,0,0,0,0,0,0,0,0,0,0,0,0,0,0,0,0,0,0,0,0,0,0,0,0,0,0,0,0,0,0,0,0,0,0,0,0,0,0,0,0,0,0,0,0,0,0,0,0,0,0,0,0,0,0,0,0,0,0,0,0,0,0,0,0,0,0,0,0,0,0,0,0,0,0,0,0,0,0,0,0,0,0,0,0,0,0,0,0,0,0,0,0,0,0,0,0,0,
Dec  1 13:00:05 localhost kernel: [  295.516242] ,10,3,3,3,3,3,3,3,3,3,3,3,3,3,3,3,3,3,2,2,2,2,2,2,2,2,2,2,2,2,3,3,3,3,3,3,3,3,3,3,3,3,3,3,3,3,3,3,3,3,3,3,3,3,3,3,3,3,3,3,3,3,3,3,3,32,32,32,32,31,31,31,29,29,29,28,28,27,26,26,24,25,25,27,26,26,27,26,26,25,21,23,24,25,25,24,25,23,23,23,23,22,23,22,21,22,23,23,22,21,21,22,21,20,20,20,22,22,22,23,22,23,23,21,21,20,19,19,19,0,0,0,0,0,0,0,0,0,0,0,0,0,0,0,0,0,0,0,0,0,0,0,0,0,0,0,0,0,0,0,0,0,0,0,0,0,0,0,0,0,0,0,0,0,0,0,0,0,0,0,0,0,0,0,0,0,0,0,0,0,0,0,0,0,0,0,0,0,0,0,0,0,0,0,0,0,0,0,0,0,0,0,0,0,0,0,0,0,0,0,0,0,0,0,0,0,0,0,0,0,0,0,0,0,0,0,0,0,0,0,0,0,0,0,0,0,0,0,0,0,0,0,0,0,0,0,0,
Dec  1 13:00:06 localhost kernel: [  296.516145] ,11,3,3,3,3,3,3,3,3,3,3,3,3,3,3,3,3,3,3,4,4,4,4,3,3,3,3,3,3,3,3,3,3,3,3,3,3,3,3,3,3,3,3,3,3,3,3,3,3,3,3,3,3,3,3,3,3,3,3,3,3,3,3,3,3,30,30,29,29,30,30,29,28,27,27,26,26,24,23,22,21,20,21,23,24,25,25,23,23,22,21,19,19,21,21,19,18,16,17,17,18,20,21,21,20,23,21,20,20,20,20,20,20,22,20,20,19,20,21,23,24,22,22,22,21,19,19,20,20,0,0,0,0,0,0,0,0,0,0,0,0,0,0,0,0,0,0,0,0,0,0,0,0,0,0,0,0,0,0,0,0,0,0,0,0,0,0,0,0,0,0,0,0,0,0,0,0,0,0,0,0,0,0,0,0,0,0,0,0,0,0,0,0,0,0,0,0,0,0,0,0,0,0,0,0,0,0,0,0,0,0,0,0,0,0,0,0,0,0,0,0,0,0,0,0,0,0,0,0,0,0,0,0,0,0,0,0,0,0,0,0,0,0,0,0,0,0,0,0,0,0,0,0,0,0,0,0,
Dec  1 13:00:07 localhost kernel: [  297.528937] ,12,4,4,4,4,4,4,4,4,4,4,4,4,4,4,4,4,4,3,3,3,3,3,3,4,4,4,4,4,4,4,4,4,4,4,4,4,4,4,4,4,4,4,4,4,4,4,4,4,4,4,4,4,4,4,4,4,4,4,4,4,4,4,4,4,30,30,30,30,30,30,29,29,27,25,24,24,24,25,25,25,26,26,25,26,26,26,25,26,24,23,24,24,24,24,23,24,24,24,24,25,27,26,25,23,22,22,22,20,21,23,22,21,22,23,23,23,23,23,23,22,21,19,17,19,20,19,20,21,0,0,0,0,0,0,0,0,0,0,0,0,0,0,0,0,0,0,0,0,0,0,0,0,0,0,0,0,0,0,0,0,0,0,0,0,0,0,0,0,0,0,0,0,0,0,0,0,0,0,0,0,0,0,0,0,0,0,0,0,0,0,0,0,0,0,0,0,0,0,0,0,0,0,0,0,0,0,0,0,0,0,0,0,0,0,0,0,0,0,0,0,0,0,0,0,0,0,0,0,0,0,0,0,0,0,0,0,0,0,0,0,0,0,0,0,0,0,0,0,0,0,0,0,0,0,0,0,
Dec  1 13:00:08 localhost kernel: [  298.537340] ,13,3,3,3,3,2,2,2,2,2,2,2,2,2,2,2,2,2,2,3,3,3,3,3,3,3,3,3,3,3,3,3,3,3,3,3,3,3,3,3,3,3,3,3,3,3,3,3,3,3,3,3,3,3,3,3,3,3,3,3,3,3,3,3,3,28,28,28,28,27,26,26,25,25,25,24,24,23,22,22,21,21,22,23,22,21,20,20,21,21,20,20,20,21,20,20,21,22,20,20,20,20,22,23,22,21,20,19,20,20,19,19,20,19,20,20,19,20,20,20,19,19,21,20,19,18,18,18,18,0,0,0,0,0,0,0,0,0,0,0,0,0,0,0,0,0,0,0,0,0,0,0,0,0,0,0,0,0,0,0,0,0,0,0,0,0,0,0,0,0,0,0,0,0,0,0,0,0,0,0,0,0,0,0,0,0,0,0,0,0,0,0,0,0,0,0,0,0,0,0,0,0,0,0,0,0,0,0,0,0,0,0,0,0,0,0,0,0,0,0,0,0,0,0,0,0,0,0,0,0,0,0,0,0,0,0,0,0,0,0,0,0,0,0,0,0,0,0,0,0,0,0,0,0,0,0,0,
Dec  1 13:00:09 localhost kernel: [  299.508833] ,14,2,2,2,2,2,3,3,3,3,3,3,3,3,3,3,3,3,3,3,3,3,3,3,3,3,3,3,3,3,3,3,3,3,3,3,3,3,3,3,3,3,3,3,3,3,3,3,3,3,2,2,2,2,2,2,2,2,2,2,2,2,2,2,2,29,29,29,29,28,28,27,25,25,25,26,25,23,21,22,23,23,21,21,22,23,23,24,24,24,23,23,23,22,21,20,21,22,21,20,21,20,20,19,20,20,20,19,18,19,19,19,19,19,20,20,19,19,19,20,20,21,21,19,17,17,18,18,17,0,0,0,0,0,0,0,0,0,0,0,0,0,0,0,0,0,0,0,0,0,0,0,0,0,0,0,0,0,0,0,0,0,0,0,0,0,0,0,0,0,0,0,0,0,0,0,0,0,0,0,0,0,0,0,0,0,0,0,0,0,0,0,0,0,0,0,0,0,0,0,0,0,0,0,0,0,0,0,0,0,0,0,0,0,0,0,0,0,0,0,0,0,0,0,0,0,0,0,0,0,0,0,0,0,0,0,0,0,0,0,0,0,0,0,0,0,0,0,0,0,0,0,0,0,0,0,0,
Dec  1 13:00:10 localhost kernel: [  300.538841] ,15,4,4,4,4,4,4,4,4,4,4,4,4,4,4,3,3,3,3,3,3,3,3,3,3,3,3,3,3,3,3,3,3,3,3,3,3,3,3,3,3,3,3,3,3,3,3,3,3,3,3,4,4,4,4,4,4,4,4,4,4,4,4,4,4,30,30,30,30,29,29,29,28,28,28,28,27,27,28,28,28,27,25,25,24,23,21,21,22,22,22,22,23,24,22,21,22,23,22,21,21,21,21,21,21,21,21,22,23,24,23,22,20,20,22,20,19,20,21,21,21,22,23,21,20,21,22,22,23,0,0,0,0,0,0,0,0,0,0,0,0,0,0,0,0,0,0,0,0,0,0,0,0,0,0,0,0,0,0,0,0,0,0,0,0,0,0,0,0,0,0,0,0,0,0,0,0,0,0,0,0,0,0,0,0,0,0,0,0,0,0,0,0,0,0,0,0,0,0,0,0,0,0,0,0,0,0,0,0,0,0,0,0,0,0,0,0,0,0,0,0,0,0,0,0,0,0,0,0,0,0,0,0,0,0,0,0,0,0,0,0,0,0,0,0,0,0,0,0,0,0,0,0,0,0,0,0,
Dec  1 13:00:11 localhost kernel: [  301.508417] ,16,2,2,2,2,2,2,2,2,2,2,2,2,2,2,2,3,3,3,3,3,3,3,3,3,3,3,3,3,3,3,3,3,3,3,3,3,3,3,3,3,3,3,3,3,3,3,2,2,2,2,2,2,2,2,2,2,2,2,2,2,2,2,2,2,27,27,27,27,27,27,26,24,24,24,24,21,21,21,21,22,23,21,21,20,21,22,22,21,21,19,18,20,21,23,24,24,23,22,21,22,22,21,21,23,21,22,22,22,22,22,22,21,21,21,22,22,21,20,19,18,18,18,18,17,17,17,17,17,0,0,0,0,0,0,0,0,0,0,0,0,0,0,0,0,0,0,0,0,0,0,0,0,0,0,0,0,0,0,0,0,0,0,0,0,0,0,0,0,0,0,0,0,0,0,0,0,0,0,0,0,0,0,0,0,0,0,0,0,0,0,0,0,0,0,0,0,0,0,0,0,0,0,0,0,0,0,0,0,0,0,0,0,0,0,0,0,0,0,0,0,0,0,0,0,0,0,0,0,0,0,0,0,0,0,0,0,0,0,0,0,0,0,0,0,0,0,0,0,0,0,0,0,0,0,0,0,
Dec  1 13:00:12 localhost kernel: [  302.529641] ,17,4,4,4,4,4,4,4,4,4,4,4,4,4,4,4,4,4,4,4,4,4,3,3,3,3,3,3,3,3,3,3,3,3,3,3,3,3,3,3,3,3,3,3,3,3,3,3,4,4,4,4,4,4,4,4,4,4,4,4,4,4,4,4,4,31,31,30,28,28,27,28,28,27,27,27,26,25,23,23,23,23,23,23,23,24,23,22,22,21,21,23,22,22,24,24,24,23,23,23,25,24,23,21,22,21,19,18,18,18,19,18,18,19,18,19,20,21,20,20,21,21,20,19,17,17,17,16,16,0,0,0,0,0,0,0,0,0,0,0,0,0,0,0,0,0,0,0,0,0,0,0,0,0,0,0,0,0,0,0,0,0,0,0,0,0,0,0,0,0,0,0,0,0,0,0,0,0,0,0,0,0,0,0,0,0,0,0,0,0,0,0,0,0,0,0,0,0,0,0,0,0,0,0,0,0,0,0,0,0,0,0,0,0,0,0,0,0,0,0,0,0,0,0,0,0,0,0,0,0,0,0,0,0,0,0,0,0,0,0,0,0,0,0,0,0,0,0,0,0,0,0,0,0,0,0,0,
Dec  1 13:00:13 localhost kernel: [  303.531970] ,18,4,4,4,4,4,3,3,3,3,3,3,3,3,3,3,3,3,3,3,3,3,3,4,4,4,4,4,4,4,4,4,4,4,4,4,4,4,4,4,4,4,4,4,4,4,4,4,4,4,4,4,4,4,4,4,4,4,4,4,4,4,4,4,4,32,32,32,30,29,28,27,27,28,27,28,28,28,27,27,27,27,25,25,24,23,24,24,24,24,24,25,27,26,26,28,27,26,25,25,23,23,22,21,20,20,21,22,23,23,23,24,26,26,23,21,21,22,21,20,19,19,19,20,21,20,21,19,18,0,0,0,0,0,0,0,0,0,0,0,0,0,0,0,0,0,0,0,0,0,0,0,0,0,0,0,0,0,0,0,0,0,0,0,0,0,0,0,0,0,0,0,0,0,0,0,0,0,0,0,0,0,0,0,0,0,0,0,0,0,0,0,0,0,0,0,0,0,0,0,0,0,0,0,0,0,0,0,0,0,0,0,0,0,0,0,0,0,0,0,0,0,0,0,0,0,0,0,0,0,0,0,0,0,0,0,0,0,0,0,0,0,0,0,0,0,0,0,0,0,0,0,0,0,0,0,0,
Dec  1 13:00:14 localhost kernel: [  304.540000] ,19,3,3,3,3,3,3,4,4,4,4,4,4,4,4,4,4,4,4,4,4,4,3,3,3,3,3,3,3,3,3,3,3,3,3,3,3,3,3,3,3,3,3,3,3,3,3,3,3,3,3,3,3,3,3,3,3,3,3,3,3,3,3,3,3,31,31,31,31,31,30,30,29,29,29,28,29,30,28,27,27,26,26,26,26,26,26,27,27,26,26,27,27,27,26,25,25,25,25,25,26,26,26,25,24,24,24,25,25,26,25,25,25,23,22,22,21,21,21,21,22,21,22,23,22,22,21,20,19,0,0,0,0,0,0,0,0,0,0,0,0,0,0,0,0,0,0,0,0,0,0,0,0,0,0,0,0,0,0,0,0,0,0,0,0,0,0,0,0,0,0,0,0,0,0,0,0,0,0,0,0,0,0,0,0,0,0,0,0,0,0,0,0,0,0,0,0,0,0,0,0,0,0,0,0,0,0,0,0,0,0,0,0,0,0,0,0,0,0,0,0,0,0,0,0,0,0,0,0,0,0,0,0,0,0,0,0,0,0,0,0,0,0,0,0,0,0,0,0,0,0,0,0,0,0,0,0,
Dec  1 13:00:15 localhost kernel: [  305.530745] ,20,3,3,3,3,3,3,3,3,3,2,2,2,2,2,2,2,2,2,2,2,2,2,3,3,3,3,3,3,3,3,3,3,3,3,3,3,3,3,3,3,3,3,3,3,3,3,3,3,3,3,3,3,3,3,3,3,3,3,3,3,3,3,3,3,30,30,30,30,30,30,29,29,28,29,27,25,25,25,26,25,25,24,25,25,24,25,25,25,25,25,25,25,25,23,24,24,25,23,23,23,24,25,25,25,24,26,26,24,21,21,22,23,22,22,21,21,20,21,22,23,24,25,25,25,23,23,22,21,0,0,0,0,0,0,0,0,0,0,0,0,0,0,0,0,0,0,0,0,0,0,0,0,0,0,0,0,0,0,0,0,0,0,0,0,0,0,0,0,0,0,0,0,0,0,0,0,0,0,0,0,0,0,0,0,0,0,0,0,0,0,0,0,0,0,0,0,0,0,0,0,0,0,0,0,0,0,0,0,0,0,0,0,0,0,0,0,0,0,0,0,0,0,0,0,0,0,0,0,0,0,0,0,0,0,0,0,0,0,0,0,0,0,0,0,0,0,0,0,0,0,0,0,0,0,0,0,
Dec  1 13:00:16 localhost kernel: [  306.525885] ,21,3,3,3,3,3,3,3,3,2,2,3,3,3,3,3,3,3,3,3,3,3,3,3,3,3,3,3,3,3,3,3,3,3,3,3,3,3,3,3,3,3,3,3,3,3,3,3,3,3,3,3,3,3,3,3,3,3,3,3,3,3,3,3,3,29,29,29,29,29,29,29,29,28,26,25,24,22,22,22,23,24,24,23,23,20,19,18,20,21,21,21,23,23,23,24,24,24,23,22,22,21,21,21,22,23,22,22,21,23,22,21,21,21,21,20,20,20,21,21,22,22,19,17,16,16,16,17,21,0,0,0,0,0,0,0,0,0,0,0,0,0,0,0,0,0,0,0,0,0,0,0,0,0,0,0,0,0,0,0,0,0,0,0,0,0,0,0,0,0,0,0,0,0,0,0,0,0,0,0,0,0,0,0,0,0,0,0,0,0,0,0,0,0,0,0,0,0,0,0,0,0,0,0,0,0,0,0,0,0,0,0,0,0,0,0,0,0,0,0,0,0,0,0,0,0,0,0,0,0,0,0,0,0,0,0,0,0,0,0,0,0,0,0,0,0,0,0,0,0,0,0,0,0,0,0,0,
Dec  1 13:00:17 localhost kernel: [  307.515428] ,22,2,2,2,2,2,2,2,2,2,3,3,3,3,3,3,3,3,3,3,3,3,3,3,3,3,3,3,3,3,3,3,3,3,3,3,3,3,3,3,3,3,3,2,2,2,2,2,2,2,2,2,2,2,2,2,2,2,2,2,2,2,2,2,2,29,29,29,29,29,29,28,29,28,27,27,26,24,23,24,23,23,24,26,25,26,26,24,24,23,23,23,22,22,21,21,24,26,26,26,24,25,24,23,24,23,23,25,24,24,25,24,23,22,22,23,24,24,25,24,25,25,25,25,23,23,22,22,23,0,0,0,0,0,0,0,0,0,0,0,0,0,0,0,0,0,0,0,0,0,0,0,0,0,0,0,0,0,0,0,0,0,0,0,0,0,0,0,0,0,0,0,0,0,0,0,0,0,0,0,0,0,0,0,0,0,0,0,0,0,0,0,0,0,0,0,0,0,0,0,0,0,0,0,0,0,0,0,0,0,0,0,0,0,0,0,0,0,0,0,0,0,0,0,0,0,0,0,0,0,0,0,0,0,0,0,0,0,0,0,0,0,0,0,0,0,0,0,0,0,0,0,0,0,0,0,0,
Dec  1 13:00:18 localhost kernel: [  308.541346] ,23,2,2,2,2,2,2,2,2,2,2,2,2,2,2,2,2,2,2,2,2,2,2,2,2,2,2,2,2,2,2,2,2,2,2,2,2,2,2,2,2,2,2,2,3,3,3,3,3,3,3,3,3,3,3,3,3,3,3,3,3,3,3,2,2,30,29,29,29,29,29,28,28,29,29,28,26,26,26,25,23,25,26,26,26,27,27,25,25,23,22,22,22,24,26,26,25,23,24,23,23,23,25,25,25,24,25,25,24,23,23,24,23,22,21,21,22,23,23,23,23,24,23,22,22,22,21,22,23,0,0,0,0,0,0,0,0,0,0,0,0,0,0,0,0,0,0,0,0,0,0,0,0,0,0,0,0,0,0,0,0,0,0,0,0,0,0,0,0,0,0,0,0,0,0,0,0,0,0,0,0,0,0,0,0,0,0,0,0,0,0,0,0,0,0,0,0,0,0,0,0,0,0,0,0,0,0,0,0,0,0,0,0,0,0,0,0,0,0,0,0,0,0,0,0,0,0,0,0,0,0,0,0,0,0,0,0,0,0,0,0,0,0,0,0,0,0,0,0,0,0,0,0,0,0,0,0,
Dec  1 13:00:19 localhost kernel: [  309.510294] ,24,3,3,3,3,3,3,3,3,3,3,3,3,3,3,3,3,3,3,3,3,3,3,3,3,3,3,3,3,3,3,3,3,3,3,3,3,3,3,3,3,3,3,3,3,3,3,3,3,3,3,3,3,3,3,3,2,2,2,2,2,2,2,2,3,28,27,26,26,26,26,26,25,24,24,23,24,23,23,23,23,22,21,20,20,19,21,23,23,23,24,24,23,23,22,21,21,21,19,19,19,21,22,21,22,23,23,22,23,22,22,20,20,19,17,17,17,17,18,18,19,18,16,17,17,17,17,17,17,0,0,0,0,0,0,0,0,0,0,0,0,0,0,0,0,0,0,0,0,0,0,0,0,0,0,0,0,0,0,0,0,0,0,0,0,0,0,0,0,0,0,0,0,0,0,0,0,0,0,0,0,0,0,0,0,0,0,0,0,0,0,0,0,0,0,0,0,0,0,0,0,0,0,0,0,0,0,0,0,0,0,0,0,0,0,0,0,0,0,0,0,0,0,0,0,0,0,0,0,0,0,0,0,0,0,0,0,0,0,0,0,0,0,0,0,0,0,0,0,0,0,0,0,0,0,0,0,
Dec  1 13:00:20 localhost kernel: [  310.530556] ,25,3,3,3,3,3,3,3,3,3,3,3,3,3,3,3,3,3,3,3,3,3,3,3,3,3,3,3,3,3,3,3,3,3,3,3,3,3,3,3,3,3,3,3,3,3,3,3,3,3,3,3,3,3,3,3,3,4,4,4,4,4,4,4,4,28,28,28,28,27,27,27,27,27,27,24,24,24,24,23,20,21,22,21,21,20,20,21,21,24,24,23,22,22,23,22,21,21,20,21,21,21,22,21,21,20,20,21,22,21,22,23,22,24,20,20,19,20,20,21,21,20,20,20,19,18,17,19,18,0,0,0,0,0,0,0,0,0,0,0,0,0,0,0,0,0,0,0,0,0,0,0,0,0,0,0,0,0,0,0,0,0,0,0,0,0,0,0,0,0,0,0,0,0,0,0,0,0,0,0,0,0,0,0,0,0,0,0,0,0,0,0,0,0,0,0,0,0,0,0,0,0,0,0,0,0,0,0,0,0,0,0,0,0,0,0,0,0,0,0,0,0,0,0,0,0,0,0,0,0,0,0,0,0,0,0,0,0,0,0,0,0,0,0,0,0,0,0,0,0,0,0,0,0,0,0,0,
Dec  1 13:00:21 localhost kernel: [  311.521449] ,26,4,4,4,4,4,4,4,4,4,4,4,4,4,4,4,4,4,4,4,4,4,4,4,4,4,4,4,4,4,4,4,4,4,4,4,4,4,4,4,4,4,4,4,4,4,3,3,3,3,3,3,3,3,3,3,3,3,3,3,3,3,3,3,3,26,25,26,26,26,27,26,26,26,25,24,24,24,24,25,24,24,24,24,22,20,20,21,22,22,20,21,23,24,24,23,22,22,22,21,20,19,18,18,20,20,20,22,21,21,22,22,20,19,19,17,17,19,20,20,20,19,19,20,21,22,21,20,21,0,0,0,0,0,0,0,0,0,0,0,0,0,0,0,0,0,0,0,0,0,0,0,0,0,0,0,0,0,0,0,0,0,0,0,0,0,0,0,0,0,0,0,0,0,0,0,0,0,0,0,0,0,0,0,0,0,0,0,0,0,0,0,0,0,0,0,0,0,0,0,0,0,0,0,0,0,0,0,0,0,0,0,0,0,0,0,0,0,0,0,0,0,0,0,0,0,0,0,0,0,0,0,0,0,0,0,0,0,0,0,0,0,0,0,0,0,0,0,0,0,0,0,0,0,0,0,0,
Dec  1 13:00:22 localhost kernel: [  312.526313] ,27,3,3,3,3,3,3,3,3,3,3,3,3,3,3,3,3,3,3,3,3,3,3,3,3,3,3,3,3,2,2,2,2,2,2,2,2,2,2,2,2,2,2,2,2,2,2,3,3,3,3,3,3,3,3,3,3,3,3,3,3,3,3,3,3,29,29,29,29,29,29,28,26,26,26,26,27,27,25,25,24,24,23,24,25,24,24,25,26,25,25,24,24,24,22,20,21,21,22,22,22,22,22,21,22,23,25,22,22,22,22,23,22,24,23,23,23,22,23,22,21,20,21,21,22,22,24,23,22,0,0,0,0,0,0,0,0,0,0,0,0,0,0,0,0,0,0,0,0,0,0,0,0,0,0,0,0,0,0,0,0,0,0,0,0,0,0,0,0,0,0,0,0,0,0,0,0,0,0,0,0,0,0,0,0,0,0,0,0,0,0,0,0,0,0,0,0,0,0,0,0,0,0,0,0,0,0,0,0,0,0,0,0,0,0,0,0,0,0,0,0,0,0,0,0,0,0,0,0,0,0,0,0,0,0,0,0,0,0,0,0,0,0,0,0,0,0,0,0,0,0,0,0,0,0,0,0,
Dec  1 13:00:23 localhost kernel: [  313.528153] ,28,3,3,3,3,3,3,3,3,3,3,3,2,2,2,2,2,2,2,2,2,2,2,2,2,2,2,2,2,2,3,3,3,3,3,3,3,3,3,3,3,3,3,3,3,3,3,3,3,3,3,3,3,3,3,3,3,3,3,3,3,3,3,3,3,29,29,29,29,29,29,29,28,27,27,27,26,25,22,21,21,23,26,26,27,27,27,25,25,25,25,25,25,25,24,25,24,21,21,22,22,23,24,24,25,24,23,24,24,23,24,23,22,22,21,21,21,19,19,20,21,20,21,21,20,19,20,20,19,0,0,0,0,0,0,0,0,0,0,0,0,0,0,0,0,0,0,0,0,0,0,0,0,0,0,0,0,0,0,0,0,0,0,0,0,0,0,0,0,0,0,0,0,0,0,0,0,0,0,0,0,0,0,0,0,0,0,0,0,0,0,0,0,0,0,0,0,0,0,0,0,0,0,0,0,0,0,0,0,0,0,0,0,0,0,0,0,0,0,0,0,0,0,0,0,0,0,0,0,0,0,0,0,0,0,0,0,0,0,0,0,0,0,0,0,0,0,0,0,0,0,0,0,0,0,0,0,
Dec  1 13:00:24 localhost kernel: [  314.507300] ,29,3,3,3,2,2,2,2,2,2,2,2,2,3,3,3,3,3,3,3,3,3,3,3,3,3,3,3,3,3,3,3,3,3,3,3,3,3,3,3,3,3,3,3,3,3,3,3,3,3,3,3,3,3,3,3,3,3,3,3,3,3,3,3,3,28,28,27,27,27,27,27,26,25,25,25,25,25,25,23,22,22,22,22,21,21,22,22,24,25,24,24,24,23,21,20,22,21,18,18,18,18,20,20,23,23,23,25,24,23,23,22,22,21,19,18,17,19,20,18,18,17,19,20,19,19,20,21,20,0,0,0,0,0,0,0,0,0,0,0,0,0,0,0,0,0,0,0,0,0,0,0,0,0,0,0,0,0,0,0,0,0,0,0,0,0,0,0,0,0,0,0,0,0,0,0,0,0,0,0,0,0,0,0,0,0,0,0,0,0,0,0,0,0,0,0,0,0,0,0,0,0,0,0,0,0,0,0,0,0,0,0,0,0,0,0,0,0,0,0,0,0,0,0,0,0,0,0,0,0,0,0,0,0,0,0,0,0,0,0,0,0,0,0,0,0,0,0,0,0,0,0,0,0,0,0,0,
Dec  1 13:00:25 localhost kernel: [  315.509191] ,30,2,2,2,2,3,3,3,3,3,3,3,3,3,3,3,3,3,3,3,3,3,3,3,3,3,3,3,3,3,3,2,2,2,2,2,2,2,2,2,2,2,2,2,2,2,2,2,2,2,2,2,2,2,2,2,2,2,2,2,2,2,2,2,2,28,28,28,28,29,28,26,26,25,22,23,24,23,23,23,23,22,21,21,21,19,19,21,22,23,23,23,23,22,22,23,23,23,21,20,18,18,19,19,20,20,20,22,23,22,20,19,19,19,20,20,20,20,20,21,20,21,21,20,18,17,16,15,16,0,0,0,0,0,0,0,0,0,0,0,0,0,0,0,0,0,0,0,0,0,0,0,0,0,0,0,0,0,0,0,0,0,0,0,0,0,0,0,0,0,0,0,0,0,0,0,0,0,0,0,0,0,0,0,0,0,0,0,0,0,0,0,0,0,0,0,0,0,0,0,0,0,0,0,0,0,0,0,0,0,0,0,0,0,0,0,0,0,0,0,0,0,0,0,0,0,0,0,0,0,0,0,0,0,0,0,0,0,0,0,0,0,0,0,0,0,0,0,0,0,0,0,0,0,0,0,0,
Dec  1 13:00:26 localhost kernel: [  316.540952] ,31,4,3,3,3,3,3,3,3,3,3,3,3,3,3,3,3,3,3,3,3,3,3,3,3,3,3,3,3,3,3,3,4,4,4,4,4,4,4,4,4,4,4,4,4,4,4,4,4,4,4,4,4,4,4,4,4,4,4,4,4,4,4,4,4,31,31,30,29,27,27,29,29,29,29,28,27,24,24,23,23,23,22,22,22,23,24,25,23,23,24,24,23,24,24,22,22,22,22,23,24,25,24,24,23,23,23,22,21,21,20,21,23,23,22,22,23,24,24,24,23,23,22,19,20,21,22,22,22,0,0,0,0,0,0,0,0,0,0,0,0,0,0,0,0,0,0,0,0,0,0,0,0,0,0,0,0,0,0,0,0,0,0,0,0,0,0,0,0,0,0,0,0,0,0,0,0,0,0,0,0,0,0,0,0,0,0,0,0,0,0,0,0,0,0,0,0,0,0,0,0,0,0,0,0,0,0,0,0,0,0,0,0,0,0,0,0,0,0,0,0,0,0,0,0,0,0,0,0,0,0,0,0,0,0,0,0,0,0,0,0,0,0,0,0,0,0,0,0,0,0,0,0,0,0,0,0,
Dec  1 13:00:27 localhost kernel: [  317.526272] ,32,2,2,3,3,3,3,3,3,3,3,3,3,3,3,3,3,3,3,3,3,3,3,3,3,3,3,3,3,3,3,3,3,3,3,3,3,3,3,3,3,3,3,3,3,3,3,3,3,3,3,3,3,3,3,3,3,3,3,3,3,3,2,2,2,29,29,29,28,27,27,27,26,27,27,27,28,28,29,26,26,26,25,24,25,25,23,23,23,24,23,22,23,23,23,23,24,23,23,23,23,23,24,24,23,22,21,21,21,22,23,23,23,23,25,25,25,24,23,21,20,20,21,19,19,19,18,19,18,0,0,0,0,0,0,0,0,0,0,0,0,0,0,0,0,0,0,0,0,0,0,0,0,0,0,0,0,0,0,0,0,0,0,0,0,0,0,0,0,0,0,0,0,0,0,0,0,0,0,0,0,0,0,0,0,0,0,0,0,0,0,0,0,0,0,0,0,0,0,0,0,0,0,0,0,0,0,0,0,0,0,0,0,0,0,0,0,0,0,0,0,0,0,0,0,0,0,0,0,0,0,0,0,0,0,0,0,0,0,0,0,0,0,0,0,0,0,0,0,0,0,0,0,0,0,0,0,
Dec  1 13:00:28 localhost kernel: [  318.540379] ,33,3,3,3,3,3,3,3,3,3,3,3,3,3,3,3,3,3,3,3,3,3,3,3,3,3,3,3,3,3,3,3,3,3,3,3,3,3,3,3,3,3,3,3,3,3,3,3,3,3,3,3,3,3,3,3,3,2,2,2,2,2,2,3,3,30,30,30,30,30,30,29,29,28,28,27,28,27,25,24,26,26,26,26,25,24,25,25,26,25,25,24,25,25,25,22,22,22,22,21,20,20,21,21,22,24,23,24,24,24,23,23,22,23,21,20,20,21,24,24,24,21,21,21,20,18,16,17,18,0,0,0,0,0,0,0,0,0,0,0,0,0,0,0,0,0,0,0,0,0,0,0,0,0,0,0,0,0,0,0,0,0,0,0,0,0,0,0,0,0,0,0,0,0,0,0,0,0,0,0,0,0,0,0,0,0,0,0,0,0,0,0,0,0,0,0,0,0,0,0,0,0,0,0,0,0,0,0,0,0,0,0,0,0,0,0,0,0,0,0,0,0,0,0,0,0,0,0,0,0,0,0,0,0,0,0,0,0,0,0,0,0,0,0,0,0,0,0,0,0,0,0,0,0,0,0,0,
Dec  1 13:00:29 localhost kernel: [  319.526316] ,34,2,2,2,2,2,2,2,2,2,2,2,2,2,2,2,2,2,2,2,2,2,2,2,2,2,2,2,2,2,2,2,2,2,2,2,2,2,2,2,2,2,2,2,2,2,2,1,1,1,1,1,1,1,1,1,1,1,2,2,2,2,2,2,2,29,29,29,29,29,29,29,28,28,28,25,24,24,26,26,28,27,24,23,24,25,24,24,24,25,25,24,24,23,23,21,21,22,22,22,22,23,24,25,25,24,22,22,22,22,23,23,25,25,24,24,23,23,23,23,23,23,22,21,20,20,21,22,22,0,0,0,0,0,0,0,0,0,0,0,0,0,0,0,0,0,0,0,0,0,0,0,0,0,0,0,0,0,0,0,0,0,0,0,0,0,0,0,0,0,0,0,0,0,0,0,0,0,0,0,0,0,0,0,0,0,0,0,0,0,0,0,0,0,0,0,0,0,0,0,0,0,0,0,0,0,0,0,0,0,0,0,0,0,0,0,0,0,0,0,0,0,0,0,0,0,0,0,0,0,0,0,0,0,0,0,0,0,0,0,0,0,0,0,0,0,0,0,0,0,0,0,0,0,0,0,0,
Dec  1 13:00:30 localhost kernel: [  320.534950] ,35,4,4,4,4,3,3,3,3,3,3,3,3,3,3,3,3,3,3,3,3,3,3,3,3,3,3,3,3,3,3,3,3,3,3,3,3,3,3,3,3,3,3,3,3,3,3,3,4,4,4,4,4,4,4,4,4,4,4,4,4,4,4,4,4,31,31,31,30,30,30,30,28,28,30,29,27,26,25,23,23,22,22,23,22,22,22,20,20,20,20,21,19,18,18,19,19,20,20,21,22,23,23,23,23,21,20,19,19,20,20,19,20,21,20,21,21,22,21,21,20,19,18,19,19,21,21,19,20,0,0,0,0,0,0,0,0,0,0,0,0,0,0,0,0,0,0,0,0,0,0,0,0,0,0,0,0,0,0,0,0,0,0,0,0,0,0,0,0,0,0,0,0,0,0,0,0,0,0,0,0,0,0,0,0,0,0,0,0,0,0,0,0,0,0,0,0,0,0,0,0,0,0,0,0,0,0,0,0,0,0,0,0,0,0,0,0,0,0,0,0,0,0,0,0,0,0,0,0,0,0,0,0,0,0,0,0,0,0,0,0,0,0,0,0,0,0,0,0,0,0,0,0,0,0,0,0,
Dec  1 13:00:31 localhost kernel: [  321.530876] ,36,4,4,4,4,4,5,5,5,5,5,5,5,5,4,4,4,4,4,4,4,4,4,4,4,4,4,4,4,4,4,4,4,4,4,4,4,4,4,4,4,4,4,4,4,4,4,4,4,4,4,4,4,4,4,4,4,4,4,4,4,4,4,4,4,30,29,29,29,29,29,28,28,28,27,26,24,25,25,24,22,20,20,21,22,21,21,21,21,23,26,24,23,23,21,22,22,23,24,24,22,21,22,22,22,22,23,22,21,22,22,23,23,22,21,22,20,19,19,20,19,19,19,18,18,19,19,21,21,0,0,0,0,0,0,0,0,0,0,0,0,0,0,0,0,0,0,0,0,0,0,0,0,0,0,0,0,0,0,0,0,0,0,0,0,0,0,0,0,0,0,0,0,0,0,0,0,0,0,0,0,0,0,0,0,0,0,0,0,0,0,0,0,0,0,0,0,0,0,0,0,0,0,0,0,0,0,0,0,0,0,0,0,0,0,0,0,0,0,0,0,0,0,0,0,0,0,0,0,0,0,0,0,0,0,0,0,0,0,0,0,0,0,0,0,0,0,0,0,0,0,0,0,0,0,0,0,
Dec  1 13:00:32 localhost kernel: [  322.512944] ,37,3,3,3,3,3,3,3,3,3,3,3,3,3,3,3,3,3,3,3,3,3,3,3,3,3,3,3,3,3,3,3,3,3,3,3,3,3,3,3,3,3,3,3,3,3,3,3,3,3,3,3,3,3,3,3,3,3,3,3,3,3,3,3,3,29,29,28,28,28,28,28,27,27,27,25,22,22,22,22,22,21,22,22,25,23,23,23,23,22,21,20,20,20,20,20,21,21,20,21,23,23,23,23,23,22,22,22,21,20,19,19,19,20,20,21,22,21,24,23,22,23,22,20,19,17,17,18,17,0,0,0,0,0,0,0,0,0,0,0,0,0,0,0,0,0,0,0,0,0,0,0,0,0,0,0,0,0,0,0,0,0,0,0,0,0,0,0,0,0,0,0,0,0,0,0,0,0,0,0,0,0,0,0,0,0,0,0,0,0,0,0,0,0,0,0,0,0,0,0,0,0,0,0,0,0,0,0,0,0,0,0,0,0,0,0,0,0,0,0,0,0,0,0,0,0,0,0,0,0,0,0,0,0,0,0,0,0,0,0,0,0,0,0,0,0,0,0,0,0,0,0,0,0,0,0,0,
Dec  1 13:00:33 localhost kernel: [  323.519626] ,38,3,3,3,3,3,3,3,3,3,3,3,3,3,3,4,4,4,4,3,3,3,3,3,3,3,3,3,3,3,3,3,3,3,3,3,3,3,3,3,3,3,3,3,3,3,3,3,3,3,3,3,3,3,3,3,3,3,3,3,3,3,3,3,3,30,30,29,29,30,30,30,30,28,27,26,25,25,24,22,21,21,22,23,23,23,24,23,23,22,22,22,22,21,21,21,21,20,20,20,21,20,21,22,20,20,20,21,20,19,19,20,20,20,19,20,21,20,18,18,19,19,19,19,19,18,17,18,18,0,0,0,0,0,0,0,0,0,0,0,0,0,0,0,0,0,0,0,0,0,0,0,0,0,0,0,0,0,0,0,0,0,0,0,0,0,0,0,0,0,0,0,0,0,0,0,0,0,0,0,0,0,0,0,0,0,0,0,0,0,0,0,0,0,0,0,0,0,0,0,0,0,0,0,0,0,0,0,0,0,0,0,0,0,0,0,0,0,0,0,0,0,0,0,0,0,0,0,0,0,0,0,0,0,0,0,0,0,0,0,0,0,0,0,0,0,0,0,0,0,0,0,0,0,0,0,0,
Dec  1 13:00:34 localhost kernel: [  324.523107] ,39,2,2,2,2,2,2,2,2,2,2,2,2,2,2,2,2,2,2,2,3,3,3,3,3,3,3,3,3,3,3,3,3,3,3,3,3,3,3,3,3,3,3,3,3,3,3,3,3,3,3,3,3,3,3,3,3,3,3,3,3,3,3,3,3,29,29,29,28,29,29,29,29,28,28,25,24,24,24,23,23,23,23,25,24,24,23,22,22,23,23,22,23,24,24,23,25,25,26,26,25,24,23,23,24,25,24,24,24,24,24,24,25,26,24,25,25,25,26,25,25,24,23,23,24,24,23,22,22,0,0,0,0,0,0,0,0,0,0,0,0,0,0,0,0,0,0,0,0,0,0,0,0,0,0,0,0,0,0,0,0,0,0,0,0,0,0,0,0,0,0,0,0,0,0,0,0,0,0,0,0,0,0,0,0,0,0,0,0,0,0,0,0,0,0,0,0,0,0,0,0,0,0,0,0,0,0,0,0,0,0,0,0,0,0,0,0,0,0,0,0,0,0,0,0,0,0,0,0,0,0,0,0,0,0,0,0,0,0,0,0,0,0,0,0,0,0,0,0,0,0,0,0,0,0,0,0,
Dec  1 13:00:35 localhost kernel: [  325.518630] ,40,4,4,4,4,4,4,4,4,4,3,3,3,3,3,3,3,3,3,3,3,3,3,3,3,3,3,3,3,3,3,3,3,3,3,3,3,3,3,3,3,3,3,3,3,3,3,3,3,3,3,3,3,3,3,3,3,3,3,3,3,3,3,3,3,30,30,30,29,30,30,29,29,28,27,27,26,27,27,27,26,26,25,24,25,24,21,21,23,24,23,24,25,25,25,25,25,26,25,24,23,23,23,23,23,22,21,21,21,21,19,19,20,20,22,21,22,23,23,23,22,20,20,20,20,20,19,23,23,0,0,0,0,0,0,0,0,0,0,0,0,0,0,0,0,0,0,0,0,0,0,0,0,0,0,0,0,0,0,0,0,0,0,0,0,0,0,0,0,0,0,0,0,0,0,0,0,0,0,0,0,0,0,0,0,0,0,0,0,0,0,0,0,0,0,0,0,0,0,0,0,0,0,0,0,0,0,0,0,0,0,0,0,0,0,0,0,0,0,0,0,0,0,0,0,0,0,0,0,0,0,0,0,0,0,0,0,0,0,0,0,0,0,0,0,0,0,0,0,0,0,0,0,0,0,0,0,
Dec  1 13:00:36 localhost kernel: [  326.533940] ,41,2,2,2,2,2,2,2,2,2,2,3,3,3,3,3,3,3,3,3,3,3,3,3,3,3,3,3,3,3,3,3,3,3,3,3,3,3,3,3,3,3,3,3,3,3,3,3,3,3,3,3,3,3,3,3,3,3,3,3,3,3,3,3,3,30,30,30,30,29,28,27,27,27,26,24,23,23,23,22,22,24,25,25,25,25,27,27,26,24,22,21,23,23,22,22,21,20,20,20,22,22,20,20,20,21,20,19,21,20,19,18,18,17,18,18,18,19,20,21,21,21,21,20,18,18,18,19,18,0,0,0,0,0,0,0,0,0,0,0,0,0,0,0,0,0,0,0,0,0,0,0,0,0,0,0,0,0,0,0,0,0,0,0,0,0,0,0,0,0,0,0,0,0,0,0,0,0,0,0,0,0,0,0,0,0,0,0,0,0,0,0,0,0,0,0,0,0,0,0,0,0,0,0,0,0,0,0,0,0,0,0,0,0,0,0,0,0,0,0,0,0,0,0,0,0,0,0,0,0,0,0,0,0,0,0,0,0,0,0,0,0,0,0,0,0,0,0,0,0,0,0,0,0,0,0,0,
Dec  1 13:00:37 localhost kernel: [  327.510725] ,42,2,3,3,3,3,3,3,3,3,3,3,3,3,3,3,3,3,3,3,3,3,3,3,3,3,3,3,3,3,3,3,3,3,3,3,3,3,3,3,3,3,3,3,3,3,3,3,3,2,2,2,2,2,2,2,2,2,2,2,2,2,2,2,2,29,29,29,28,28,28,29,29,29,28,27,26,25,25,23,24,24,24,24,23,22,23,24,24,25,24,23,23,23,23,22,23,23,23,23,23,24,22,21,20,20,20,18,19,19,21,21,21,20,20,20,20,21,22,21,20,21,22,22,22,21,20,18,18,0,0,0,0,0,0,0,0,0,0,0,0,0,0,0,0,0,0,0,0,0,0,0,0,0,0,0,0,0,0,0,0,0,0,0,0,0,0,0,0,0,0,0,0,0,0,0,0,0,0,0,0,0,0,0,0,0,0,0,0,0,0,0,0,0,0,0,0,0,0,0,0,0,0,0,0,0,0,0,0,0,0,0,0,0,0,0,0,0,0,0,0,0,0,0,0,0,0,0,0,0,0,0,0,0,0,0,0,0,0,0,0,0,0,0,0,0,0,0,0,0,0,0,0,0,0,0,0,
Dec  1 13:00:38 localhost kernel: [  328.522327] ,43,4,4,4,4,4,4,4,4,4,4,4,4,4,4,4,4,4,4,4,4,4,4,4,4,4,4,4,4,4,4,4,4,4,4,4,4,4,4,4,4,3,3,3,3,3,3,3,3,3,4,4,4,4,4,4,4,4,4,4,4,4,4,4,4,29,29,29,29,29,29,29,29,28,27,25,25,24,23,22,22,22,24,23,24,25,25,24,23,22,24,24,24,24,23,21,23,22,21,20,20,20,22,21,21,20,20,21,21,21,21,21,22,22,22,23,22,21,22,22,21,19,18,18,20,20,20,21,22,0,0,0,0,0,0,0,0,0,0,0,0,0,0,0,0,0,0,0,0,0,0,0,0,0,0,0,0,0,0,0,0,0,0,0,0,0,0,0,0,0,0,0,0,0,0,0,0,0,0,0,0,0,0,0,0,0,0,0,0,0,0,0,0,0,0,0,0,0,0,0,0,0,0,0,0,0,0,0,0,0,0,0,0,0,0,0,0,0,0,0,0,0,0,0,0,0,0,0,0,0,0,0,0,0,0,0,0,0,0,0,0,0,0,0,0,0,0,0,0,0,0,0,0,0,0,0,0,
Dec  1 13:00:39 localhost kernel: [  329.527487] ,44,4,4,4,4,4,4,4,4,4,4,4,4,4,4,4,4,4,4,4,4,4,4,4,4,4,4,4,4,4,4,4,4,4,4,4,4,4,4,4,4,4,5,5,5,5,5,4,4,4,4,4,4,4,4,4,4,4,4,4,4,4,4,4,4,27,27,27,27,27,27,27,27,25,24,23,21,21,21,21,20,21,22,22,22,21,21,21,21,20,21,22,23,24,24,23,23,23,21,21,21,22,22,21,22,23,22,20,20,21,22,22,21,19,18,20,20,21,21,21,20,20,20,19,19,18,18,18,18,0,0,0,0,0,0,0,0,0,0,0,0,0,0,0,0,0,0,0,0,0,0,0,0,0,0,0,0,0,0,0,0,0,0,0,0,0,0,0,0,0,0,0,0,0,0,0,0,0,0,0,0,0,0,0,0,0,0,0,0,0,0,0,0,0,0,0,0,0,0,0,0,0,0,0,0,0,0,0,0,0,0,0,0,0,0,0,0,0,0,0,0,0,0,0,0,0,0,0,0,0,0,0,0,0,0,0,0,0,0,0,0,0,0,0,0,0,0,0,0,0,0,0,0,0,0,0,0,
Dec  1 13:00:40 localhost kernel: [  330.514530] ,45,3,3,3,3,3,3,3,3,3,3,3,3,3,3,3,3,3,3,3,3,3,3,3,3,3,3,3,3,3,3,3,2,2,2,2,2,2,2,2,2,2,2,2,2,2,2,2,3,3,3,3,3,3,3,3,3,3,3,3,3,3,3,3,3,28,28,28,28,28,28,28,28,28,27,25,24,24,24,22,22,20,19,19,18,17,18,20,20,21,22,23,24,24,23,23,23,21,21,22,22,23,24,24,23,23,23,23,23,23,22,22,20,19,19,19,20,20,19,20,21,20,21,20,19,16,18,20,20,0,0,0,0,0,0,0,0,0,0,0,0,0,0,0,0,0,0,0,0,0,0,0,0,0,0,0,0,0,0,0,0,0,0,0,0,0,0,0,0,0,0,0,0,0,0,0,0,0,0,0,0,0,0,0,0,0,0,0,0,0,0,0,0,0,0,0,0,0,0,0,0,0,0,0,0,0,0,0,0,0,0,0,0,0,0,0,0,0,0,0,0,0,0,0,0,0,0,0,0,0,0,0,0,0,0,0,0,0,0,0,0,0,0,0,0,0,0,0,0,0,0,0,0,0,0,0,0,
Dec  1 13:00:41 localhost kernel: [  331.530320] ,46,2,2,2,2,2,2,2,2,2,2,2,2,2,2,2,2,2,2,2,2,2,2,2,2,2,2,2,2,2,2,2,2,3,3,3,3,3,3,3,3,3,3,3,3,3,3,3,3,3,3,3,3,3,3,3,3,3,2,2,2,2,2,2,2,29,29,29,29,28,28,28,28,27,26,26,25,24,23,24,24,24,23,22,23,24,23,23,25,24,23,24,24,20,20,21,21,21,22,22,22,24,22,22,22,22,23,22,22,21,21,20,19,19,19,19,19,20,21,22,22,21,20,19,19,20,19,18,18,0,0,0,0,0,0,0,0,0,0,0,0,0,0,0,0,0,0,0,0,0,0,0,0,0,0,0,0,0,0,0,0,0,0,0,0,0,0,0,0,0,0,0,0,0,0,0,0,0,0,0,0,0,0,0,0,0,0,0,0,0,0,0,0,0,0,0,0,0,0,0,0,0,0,0,0,0,0,0,0,0,0,0,0,0,0,0,0,0,0,0,0,0,0,0,0,0,0,0,0,0,0,0,0,0,0,0,0,0,0,0,0,0,0,0,0,0,0,0,0,0,0,0,0,0,0,0,0,
Dec  1 13:00:42 localhost kernel: [  332.525067] ,47,4,4,4,3,3,3,3,3,3,3,3,3,3,3,3,3,3,3,3,3,3,3,3,3,3,3,3,3,3,3,3,3,3,3,3,3,3,3,3,3,3,3,3,3,3,3,3,3,3,3,3,3,3,3,3,3,3,3,4,4,4,4,4,4,31,31,31,31,31,31,31,31,30,29,27,25,23,23,24,25,24,23,24,23,22,22,22,22,21,22,21,22,22,22,22,22,22,23,23,22,21,21,20,20,20,21,21,20,19,19,19,18,18,17,17,17,15,15,16,16,18,20,21,21,19,19,18,16,0,0,0,0,0,0,0,0,0,0,0,0,0,0,0,0,0,0,0,0,0,0,0,0,0,0,0,0,0,0,0,0,0,0,0,0,0,0,0,0,0,0,0,0,0,0,0,0,0,0,0,0,0,0,0,0,0,0,0,0,0,0,0,0,0,0,0,0,0,0,0,0,0,0,0,0,0,0,0,0,0,0,0,0,0,0,0,0,0,0,0,0,0,0,0,0,0,0,0,0,0,0,0,0,0,0,0,0,0,0,0,0,0,0,0,0,0,0,0,0,0,0,0,0,0,0,0,0,
Dec  1 13:00:43 localhost kernel: [  333.507062] ,48,2,2,2,2,3,3,3,3,3,3,3,3,3,3,3,3,3,3,3,3,3,3,3,3,3,3,3,3,3,3,3,3,3,3,3,3,3,3,3,3,3,3,3,3,3,3,3,3,3,3,3,3,3,3,3,3,3,3,3,3,3,3,3,3,29,29,29,29,29,28,27,27,26,24,22,23,24,25,25,23,22,21,20,18,17,18,17,19,19,19,19,18,19,21,22,22,22,21,20,20,21,22,21,22,23,23,22,21,21,22,22,20,20,20,21,22,23,21,20,20,19,19,19,19,19,20,19,18,0,0,0,0,0,0,0,0,0,0,0,0,0,0,0,0,0,0,0,0,0,0,0,0,0,0,0,0,0,0,0,0,0,0,0,0,0,0,0,0,0,0,0,0,0,0,0,0,0,0,0,0,0,0,0,0,0,0,0,0,0,0,0,0,0,0,0,0,0,0,0,0,0,0,0,0,0,0,0,0,0,0,0,0,0,0,0,0,0,0,0,0,0,0,0,0,0,0,0,0,0,0,0,0,0,0,0,0,0,0,0,0,0,0,0,0,0,0,0,0,0,0,0,0,0,0,0,0,
Dec  1 13:00:44 localhost kernel: [  334.532730] ,49,3,4,4,4,4,4,4,4,4,4,4,4,4,4,4,4,4,4,4,4,3,3,3,3,3,3,3,3,3,3,3,3,3,3,3,3,3,3,3,3,3,3,3,3,3,3,3,3,3,3,3,3,3,3,3,3,3,3,3,3,3,3,3,3,29,29,29,29,28,28,28,27,26,25,25,24,22,20,21,22,22,22,23,23,23,23,23,25,25,26,24,23,24,24,22,22,22,20,21,21,21,21,20,21,22,21,21,22,20,22,23,24,23,23,24,24,23,22,23,24,25,25,24,24,22,21,21,20,0,0,0,0,0,0,0,0,0,0,0,0,0,0,0,0,0,0,0,0,0,0,0,0,0,0,0,0,0,0,0,0,0,0,0,0,0,0,0,0,0,0,0,0,0,0,0,0,0,0,0,0,0,0,0,0,0,0,0,0,0,0,0,0,0,0,0,0,0,0,0,0,0,0,0,0,0,0,0,0,0,0,0,0,0,0,0,0,0,0,0,0,0,0,0,0,0,0,0,0,0,0,0,0,0,0,0,0,0,0,0,0,0,0,0,0,0,0,0,0,0,0,0,0,0,0,0,0,
Dec  1 13:00:45 localhost kernel: [  335.523715] ,50,3,3,3,3,3,3,3,3,3,3,3,3,3,3,3,3,3,3,3,3,3,4,4,4,4,4,4,3,3,3,3,3,3,3,3,3,3,3,3,3,3,3,3,3,3,3,3,3,3,3,3,3,3,3,3,3,3,3,3,3,3,3,3,3,27,27,27,27,27,27,27,27,27,26,26,26,25,23,23,23,22,20,19,21,22,23,26,25,24,23,22,22,23,23,23,21,20,20,22,23,22,21,19,19,19,19,18,19,20,22,22,22,23,23,25,24,22,20,20,20,20,19,20,19,20,20,20,21,0,0,0,0,0,0,0,0,0,0,0,0,0,0,0,0,0,0,0,0,0,0,0,0,0,0,0,0,0,0,0,0,0,0,0,0,0,0,0,0,0,0,0,0,0,0,0,0,0,0,0,0,0,0,0,0,0,0,0,0,0,0,0,0,0,0,0,0,0,0,0,0,0,0,0,0,0,0,0,0,0,0,0,0,0,0,0,0,0,0,0,0,0,0,0,0,0,0,0,0,0,0,0,0,0,0,0,0,0,0,0,0,0,0,0,0,0,0,0,0,0,0,0,0,0,0,0,0,
Dec  1 13:00:46 localhost kernel: [  336.515464] ,51,3,3,3,3,3,3,3,3,3,3,3,3,3,3,3,3,3,3,3,3,3,3,3,3,3,3,3,3,4,4,4,4,4,4,4,4,4,4,4,4,4,4,4,4,4,4,4,4,4,4,3,3,3,3,3,3,3,3,3,3,3,3,3,3,30,30,30,30,30,31,30,29,28,27,26,26,24,26,27,27,27,26,26,27,27,27,27,27,26,26,25,24,24,26,26,25,24,23,22,21,22,23,22,21,21,21,21,21,21,21,21,21,20,21,21,20,21,20,20,21,20,20,19,19,19,18,17,17,0,0,0,0,0,0,0,0,0,0,0,0,0,0,0,0,0,0,0,0,0,0,0,0,0,0,0,0,0,0,0,0,0,0,0,0,0,0,0,0,0,0,0,0,0,0,0,0,0,0,0,0,0,0,0,0,0,0,0,0,0,0,0,0,0,0,0,0,0,0,0,0,0,0,0,0,0,0,0,0,0,0,0,0,0,0,0,0,0,0,0,0,0,0,0,0,0,0,0,0,0,0,0,0,0,0,0,0,0,0,0,0,0,0,0,0,0,0,0,0,0,0,0,0,0,0,0,0,
Dec  1 13:00:47 localhost kernel: [  337.523189] ,52,3,3,3,3,3,3,3,3,3,3,3,3,3,3,3,3,3,3,3,3,3,3,3,3,3,3,2,2,2,2,2,2,2,2,2,2,2,2,2,2,2,2,2,2,2,2,2,2,2,2,2,3,3,3,3,3,3,3,3,3,3,3,3,3,31,31,31,31,31,31,30,30,30,29,28,27,27,26,26,26,26,24,26,27,27,26,26,26,26,24,22,22,23,22,22,23,23,24,26,25,27,27,28,27,27,26,27,27,26,24,23,24,24,23,23,22,23,23,24,24,23,23,23,22,20,19,18,20,0,0,0,0,0,0,0,0,0,0,0,0,0,0,0,0,0,0,0,0,0,0,0,0,0,0,0,0,0,0,0,0,0,0,0,0,0,0,0,0,0,0,0,0,0,0,0,0,0,0,0,0,0,0,0,0,0,0,0,0,0,0,0,0,0,0,0,0,0,0,0,0,0,0,0,0,0,0,0,0,0,0,0,0,0,0,0,0,0,0,0,0,0,0,0,0,0,0,0,0,0,0,0,0,0,0,0,0,0,0,0,0,0,0,0,0,0,0,0,0,0,0,0,0,0,0,0,0,
Dec  1 13:00:48 localhost kernel: [  338.517811] ,53,2,2,2,2,2,2,2,2,2,2,2,2,2,2,2,2,2,2,2,2,2,2,2,2,2,2,2,3,3,3,3,3,3,3,3,3,2,2,2,2,2,2,2,2,2,2,2,2,2,2,2,2,2,2,2,2,2,2,2,2,2,2,2,2,30,29,28,28,27,28,27,26,24,23,25,24,21,20,20,21,22,24,26,27,27,26,24,24,24,24,23,23,22,22,23,23,24,26,26,26,25,25,26,23,22,22,21,21,20,21,22,21,22,23,23,23,23,24,24,23,22,23,23,23,20,19,18,17,0,0,0,0,0,0,0,0,0,0,0,0,0,0,0,0,0,0,0,0,0,0,0,0,0,0,0,0,0,0,0,0,0,0,0,0,0,0,0,0,0,0,0,0,0,0,0,0,0,0,0,0,0,0,0,0,0,0,0,0,0,0,0,0,0,0,0,0,0,0,0,0,0,0,0,0,0,0,0,0,0,0,0,0,0,0,0,0,0,0,0,0,0,0,0,0,0,0,0,0,0,0,0,0,0,0,0,0,0,0,0,0,0,0,0,0,0,0,0,0,0,0,0,0,0,0,0,0,
Dec  1 13:00:49 localhost kernel: [  339.515393] ,54,3,3,3,3,3,2,2,2,2,2,2,2,2,2,2,2,2,2,2,2,2,2,2,2,2,2,2,2,2,2,2,2,2,2,2,2,2,3,3,3,3,3,3,3,3,3,3,3,3,3,3,3,3,3,3,3,3,3,3,3,3,3,3,3,30,30,30,30,30,30,29,29,28,27,28,28,24,25,25,25,25,24,24,23,23,24,24,24,23,24,26,26,25,23,23,23,21,21,22,22,22,22,23,25,26,26,26,25,25,24,25,24,23,23,24,25,23,22,22,20,21,22,21,20,19,20,20,19,0,0,0,0,0,0,0,0,0,0,0,0,0,0,0,0,0,0,0,0,0,0,0,0,0,0,0,0,0,0,0,0,0,0,0,0,0,0,0,0,0,0,0,0,0,0,0,0,0,0,0,0,0,0,0,0,0,0,0,0,0,0,0,0,0,0,0,0,0,0,0,0,0,0,0,0,0,0,0,0,0,0,0,0,0,0,0,0,0,0,0,0,0,0,0,0,0,0,0,0,0,0,0,0,0,0,0,0,0,0,0,0,0,0,0,0,0,0,0,0,0,0,0,0,0,0,0,0,
Dec  1 13:00:50 localhost kernel: [  340.521020] ,55,3,3,3,3,3,3,4,4,4,4,4,4,4,4,4,4,4,4,4,4,4,4,4,4,4,4,4,4,4,4,4,4,4,4,4,4,4,4,4,4,4,4,4,4,4,4,4,4,4,4,4,4,4,4,4,4,4,4,4,4,4,4,4,4,31,31,31,31,31,30,29,29,27,25,26,26,25,24,23,22,24,25,24,22,21,22,23,24,22,22,21,21,22,24,25,24,24,24,24,23,22,23,25,24,24,23,23,25,25,26,26,27,25,24,23,22,21,21,22,21,21,22,22,21,20,20,21,21,0,0,0,0,0,0,0,0,0,0,0,0,0,0,0,0,0,0,0,0,0,0,0,0,0,0,0,0,0,0,0,0,0,0,0,0,0,0,0,0,0,0,0,0,0,0,0,0,0,0,0,0,0,0,0,0,0,0,0,0,0,0,0,0,0,0,0,0,0,0,0,0,0,0,0,0,0,0,0,0,0,0,0,0,0,0,0,0,0,0,0,0,0,0,0,0,0,0,0,0,0,0,0,0,0,0,0,0,0,0,0,0,0,0,0,0,0,0,0,0,0,0,0,0,0,0,0,0,
Dec  1 13:00:51 localhost kernel: [  341.529287] ,56,4,4,4,4,4,4,4,4,4,4,4,4,4,4,4,4,4,4,4,4,4,4,4,4,4,4,3,3,3,3,3,3,3,3,3,3,3,3,3,3,3,3,3,3,3,3,3,3,3,3,3,3,3,3,3,3,3,3,3,3,3,3,3,3,30,30,30,30,30,30,29,28,29,28,27,25,25,24,24,24,24,23,25,27,27,27,26,25,24,25,26,25,24,24,26,26,26,25,24,23,23,22,21,21,20,20,20,21,20,19,19,20,22,22,20,19,19,21,21,23,21,19,19,19,17,17,18,18,0,0,0,0,0,0,0,0,0,0,0,0,0,0,0,0,0,0,0,0,0,0,0,0,0,0,0,0,0,0,0,0,0,0,0,0,0,0,0,0,0,0,0,0,0,0,0,0,0,0,0,0,0,0,0,0,0,0,0,0,0,0,0,0,0,0,0,0,0,0,0,0,0,0,0,0,0,0,0,0,0,0,0,0,0,0,0,0,0,0,0,0,0,0,0,0,0,0,0,0,0,0,0,0,0,0,0,0,0,0,0,0,0,0,0,0,0,0,0,0,0,0,0,0,0,0,0,0,
Dec  1 13:00:52 localhost kernel: [  342.537699] ,57,4,4,4,4,4,4,4,4,4,4,4,4,4,4,4,4,3,3,3,3,3,3,3,3,3,3,3,4,4,4,4,4,4,4,4,4,4,4,4,4,4,4,4,4,4,4,4,4,4,4,4,4,4,4,4,4,4,4,4,4,4,4,4,4,32,31,31,31,31,31,31,31,29,29,28,29,28,27,25,23,23,22,23,25,24,22,22,22,21,20,21,22,23,23,25,24,25,24,24,25,24,23,23,22,20,20,20,21,21,21,21,21,22,22,22,21,21,21,21,20,20,20,18,17,18,19,20,19,0,0,0,0,0,0,0,0,0,0,0,0,0,0,0,0,0,0,0,0,0,0,0,0,0,0,0,0,0,0,0,0,0,0,0,0,0,0,0,0,0,0,0,0,0,0,0,0,0,0,0,0,0,0,0,0,0,0,0,0,0,0,0,0,0,0,0,0,0,0,0,0,0,0,0,0,0,0,0,0,0,0,0,0,0,0,0,0,0,0,0,0,0,0,0,0,0,0,0,0,0,0,0,0,0,0,0,0,0,0,0,0,0,0,0,0,0,0,0,0,0,0,0,0,0,0,0,0,
Dec  1 13:00:53 localhost kernel: [  343.535237] ,58,3,3,3,3,3,3,3,3,3,3,3,3,3,3,3,3,3,4,4,4,4,4,4,4,4,4,4,4,4,4,4,4,4,4,4,4,4,4,4,4,3,3,3,3,3,3,3,3,3,3,3,3,3,3,3,3,3,3,3,3,3,3,3,3,32,32,32,32,32,32,31,30,29,28,28,27,27,26,23,24,24,23,24,25,24,24,23,23,22,24,25,25,26,25,24,23,23,25,24,24,24,24,25,24,22,22,23,24,23,21,22,23,24,24,22,22,23,23,23,20,18,19,19,19,18,18,19,19,0,0,0,0,0,0,0,0,0,0,0,0,0,0,0,0,0,0,0,0,0,0,0,0,0,0,0,0,0,0,0,0,0,0,0,0,0,0,0,0,0,0,0,0,0,0,0,0,0,0,0,0,0,0,0,0,0,0,0,0,0,0,0,0,0,0,0,0,0,0,0,0,0,0,0,0,0,0,0,0,0,0,0,0,0,0,0,0,0,0,0,0,0,0,0,0,0,0,0,0,0,0,0,0,0,0,0,0,0,0,0,0,0,0,0,0,0,0,0,0,0,0,0,0,0,0,0,0,
Dec  1 13:00:54 localhost kernel: [  344.532587] ,59,3,3,3,3,3,3,3,3,3,3,3,3,3,3,3,3,3,3,3,3,3,3,3,3,3,3,2,2,2,2,2,2,2,2,2,2,2,2,2,2,2,3,3,3,3,3,3,3,3,3,3,3,3,3,3,3,3,3,3,3,3,3,3,3,31,31,31,31,31,31,30,29,29,29,29,26,26,25,26,27,26,23,21,22,24,24,24,24,24,23,22,23,22,22,21,22,22,22,22,23,24,25,26,24,21,21,21,20,19,18,19,17,20,23,22,22,23,23,23,22,21,22,20,20,20,21,22,22,0,0,0,0,0,0,0,0,0,0,0,0,0,0,0,0,0,0,0,0,0,0,0,0,0,0,0,0,0,0,0,0,0,0,0,0,0,0,0,0,0,0,0,0,0,0,0,0,0,0,0,0,0,0,0,0,0,0,0,0,0,0,0,0,0,0,0,0,0,0,0,0,0,0,0,0,0,0,0,0,0,0,0,0,0,0,0,0,0,0,0,0,0,0,0,0,0,0,0,0,0,0,0,0,0,0,0,0,0,0,0,0,0,0,0,0,0,0,0,0,0,0,0,0,0,0,0,0,
Dec  1 13:00:55 localhost kernel: [  345.509620] ,60,3,3,3,3,3,3,3,3,3,3,3,3,3,3,3,3,3,3,3,3,3,3,3,3,3,2,2,3,3,3,3,3,3,3,3,3,3,3,3,3,3,3,3,3,3,3,3,3,3,3,3,3,3,3,3,3,3,3,3,3,3,3,3,3,30,30,30,30,29,29,28,28,27,25,25,27,25,23,22,21,21,22,22,22,22,23,24,24,23,22,21,23,23,22,22,22,22,21,21,23,24,25,25,23,22,22,23,24,25,24,23,24,24,22,21,21,21,21,20,21,21,21,21,23,23,22,21,19,0,0,0,0,0,0,0,0,0,0,0,0,0,0,0,0,0,0,0,0,0,0,0,0,0,0,0,0,0,0,0,0,0,0,0,0,0,0,0,0,0,0,0,0,0,0,0,0,0,0,0,0,0,0,0,0,0,0,0,0,0,0,0,0,0,0,0,0,0,0,0,0,0,0,0,0,0,0,0,0,0,0,0,0,0,0,0,0,0,0,0,0,0,0,0,0,0,0,0,0,0,0,0,0,0,0,0,0,0,0,0,0,0,0,0,0,0,0,0,0,0,0,0,0,0,0,0,0,